Paper Title,Author,Journal/Conference,Publish Date,Citation Count,Selection Rationale,Keywords,Abstract,Paper URL
Adaptive rate control through elastic scheduling,"Giuseppe Buttazzo, Luca Abeni",,2000-12-12,40,"접근: Feedback 기반 rate adaptation — 실제 실행시간을 런타임 모니터링하여 a priori WCET 추정 불필요. task를 damped spring으로 모델링, load 변화 시 자동 period 조절.가정: 주기적 task, 선형 탄성 계수, EDF 스케줄링, 실제 실행시간 측정 가능.실제 RT kernel에 구현.",feedback/adaptive rate control/elastic model/no WCET a priori/kernel implementation,"In real-time computing systems, timing constraints imposed on application tasks are typically guaranteed off line using schedulability tests based on fixed parameters and worst-case execution times. However, a precise estimation of tasks' computation times is very hard to achieve, due to the nondeterministic behavior of several low-level processor mechanisms, such as caching, prefetching, and DMA data transfer. The disadvantage of relying the guarantee test on a priori estimates is that an underestimation of computation times may jeopardize the correct behavior of the system, whereas an overestimation will certainly waste system resources and causes a performance degradation. In this paper, we propose a new methodology for automatically adapting the rates of a periodic task set without forcing the programmer to provide a priori estimates of tasks' computation times. Actual executions are monitored by a runtime mechanism and used as feedback signals for predicting the actual load and achieving rate adaptation. Load balancing is performed using an elastic task model, according to which tasks utilizations are treated as springs with given elastic coefficients.",http://ieeexplore.ieee.org/document/914704/
Elastic DVS Management in Processors With Discrete Voltage/Frequency Modes,"Mauro Marinoni, Giorgio Buttazzo",IEEE Transactions on Industrial Informatics,2007-02-12,54,"접근: DVS + Elastic Scheduling 결합 — discrete voltage/frequency mode에서 energy-oriented, performance-oriented, user-defined 3가지 전략 제공. online reclaiming mechanism으로 early completion 활용.가정: discrete speed levels, WCET known, feasible at max speed, U_d < U_lub.구현: S.Ha.R.K.kernel, AMD Athlon64 3000+에서 실험.",DVS/discrete speed/energy-performance tradeoff/S.Ha.R.K./Athlon64/reclaiming,"I. INTRODUCTION
IN battery-powered real-time systems, reducing energy consumption through dynamic voltage scaling (DVS) techniques may create overload conditions that can jeopardize the schedulability of the task set. Hence, the issue of reducing energy consumption must be considered in conjunction with the one of meeting timing constraints. Moreover, in current processors, the voltage level cannot be varied continuously, but only a limited number of voltage/frequency operating modes are usually available, causing the processor to run at a speed selectable within a discrete range. In these conditions, the speed selected by the power manager will likely be different than the ideal one that could minimize some cost function; thus, either timing constraints are not met or energy is not minimized.
Manuscript received July 24, 2006; revised October 25, 2006; accepted November 20, 2006. This work was supported in part by the Italian Ministry of University Research under Contract 2004095094 (COFIN04). Paper no. TII-06-07-0070.R1.
M. Marinoni is with the University of Pavia, Pavia, Italy (e-mail: mauro.marinoni@unipv.it).
G. Buttazzo is with the Scuola Superiore Sant'Anna of Pisa, Pisa, Italy (e-mail: giorgio.butazzo@sssup.it).
Digital Object Identifier 10.1109/TII.2006.890494
Whenever a control application has hard real-time requirements (and the task set is feasible at the highest speed), energy and timing constraints can be met by setting the processor speed to the nearest level greater than the optimal one. In this way, however, if the difference between the ideal and the selected speed is not small, the processor becomes underutilized, so wasting computational resources. A better solution could be to increase task rates and improve control performance whenever possible. On the other hand, if reducing energy is more important and the application allows a certain degree of flexibility in specifying timing constraints, the processor speed could be set to the next lower level (just below the ideal speed), and the resulting overload could be prevented by slightly increasing the task periods.
In this paper, we present a novel DVS management algorithm that integrates energy-aware with elastic scheduling to cope with processors with a limited number of operating modes. To avoid wasting processing time due to speed quantization, we consider a more flexible task model, in which tasks can operate within a given range of periods, with different performance. The algorithm allows the application to select energy-oriented, performance-oriented, and user-defined strategies. The energy-oriented strategy sacrifices performance in favor of energy saving by selecting the lowest speed that guarantees the task set with the largest possible periods. The performance-oriented strategy selects the lowest speed that guarantees the task set with the smallest periods. Whenever the selected (discrete) speed level leaves some free processor bandwidth, elastic scheduling is invoked to reduce task periods to fully utilize the processor and increase the control performance. Finally, the user-defined strategy allows selecting any processor speed within the feasible range and adjusts task rates to fully utilize the processor. Speed selection can be done either manually or automatically, using the best solution found by the power manager according to a cost function provided by the user.
An online reclaiming mechanism is integrated in the algorithm to exploit the unused computation time resulting from early completions of the jobs. To better consider the effects of the hardware architecture on task execution times, we use an enhanced execution time model [16], [23] that splits the code in two parts: one that varies with speed and one that is speed independent. This enables a more precise representation of the application code, allowing the user to distinguish, for example, between code for pure computations and code accessing peripheral devices.
The proposed algorithm has been implemented in the Shark real-time operating system [9] as a new scheduling module, and experimental results have been derived on an Athlon64 3000+ processor.
The rest of this paper is organized as follows: Section II presents some related work; Section III introduces the models used to describe the execution time and the energy consumption of a task; Section IV describes the integrated DVS-elastic algorithm; Section V introduces metrics to evaluate the performance of a control system as a function of the task periods; Section VI describes some experimental results; and Section VII states our conclusions and future work.",https://doi.org/10.1109/tii.2006.890494
Adaptive TDMA bus allocation and elastic scheduling: A unified approach for enhancing robustness in multi-core RT systems,"Paolo Burgio, Martino Ruggiero, Francesco Esposito, Mauro Marinoni, Giorgio Buttazzo, Luca Benini",,2010-11-29,12,"접근: TDMA bus allocation과 Elastic Scheduling를协同 운영 — multi-core에서 bus contention과 CPU overload를 동시 관리. master core가 bus request를 수집하여 fair redistribution, 각 core는 elastic algorithm으로 period 적응.가정: MPSoC shared bus, sporadic activation, centralized master, EDF.구현: ERIKA RTOS, virtual platform에서 검증.",MPSoC/TDMA/ERIKA RTOS/multi-core/bus contention/QoS-aware/centralized master,"Next-generation real-time systems will be increasingly based on heterogeneous MPSoC design paradigms, where predictability and performance will be key issues to deal with. Such issues can be tackled both at the hardware level, by embedding technologies such as TDMA busses, and at the OS level, where suitable scheduling techniques can improve performance and reduce energy consumption. Among these, elastic scheduling has been proved to provide satisfactory results by dynamically reducing task periods at run-time to ensure the highest utilization possible of the processors. On the other hand, elastic scheduling lowers the degree of predictability and increases the complexity of the analysis at the system level. This reduces the benefits given by the TDMA bus, which relies on the high level task analysis for a robust and efficient slot allocation. Starting from this consideration, we propose a system where the elastic scheduling and the TDMA bus work synergistically. We introduce a QoS-aware adaptive bus service which takes the best of both techniques, mitigating their drawbacks at the same time. We show how the overhead introduced by coordination action is small, and it is however dominated by the benefits of the overall strategy in terms of performance and predictability guarantees.",http://ieeexplore.ieee.org/document/5647792/
Scheduling Elastic Applications in Compositional Real-Time Systems,"Shaik Mohammed Salman, Saad Mubeen, Filip Marković, Alessandro Papadopoulos, Thomas Nolte",,2021-09-07,3,"접근: 2-level compositional scheduling — application-level elastic manager + system-level GCSR manager. local adaptation 우선, 실패 시 bandwidth 수정 요청.가정: uniprocessor, implicit deadlines, EDF/RM local scheduler, PRM(periodic resource model), fixed bandwidth first.응용: robot controller 다중 instance 공유 HW.",compositional/periodic resource model/two-level/robot controller/EDF/bandwidth adaptation,"Fig. 3 .

3
Fig. 3. Percentage of requests handled by Elastic and GCSR manager for taskset size 10.",https://doi.org/10.1109/etfa45728.2021.9613375
Elastic Scheduling of Parallel Real-Time Tasks with Discrete Utilizations,"James Orr, Johnny Condori Uribe, Chris Gill, Sanjoy Baruah, Kunal Agrawal, Shirley J. Dyke, Arun J. Prakash, Iain Bate, Christopher Wong, Sabina Adhikari",,2020-06-09,10,"접근: Discrete candidate utilization — continuous range 대신 task별 discrete mode set 지정. period elasticity + computational elasticity를 결합.가정: federated scheduling, parallel tasks, NP-hard이나 pseudo-polynomial algorithm 제공.응용: Real-Time Hybrid Simulation(RTHS)에서 controller switching 실험.",discrete utilization/federated scheduling/RTHS/computational elasticity/mode switching/parallel tasks,"Elastic scheduling allows for online adaptation of real-time tasks' utilizations (via manipulation of each task's computational workload or period) in order to maintain system schedulability in case the utilization demand of one or more tasks changes. This is done currently by assigning each task a utilization (and therefore period or workload) from within a continuous range of acceptable values. While this works well for anytime tasks whose quality of service improves with duration or for tasks that can run at any rate within a given range, many computationally-elastic tasks have a specific workload for each distinct mode of operation and therefore cannot perform arbitrary amounts of work. Similarly, some period-elastic tasks must run at specific (e.g. harmonic) rates. Therefore, a discrete set of candidate utilizations per task must be accommodated in such cases. This paper provides a new elastic task model in which each task has a discrete set of possible utilizations (instead of a continuous range). This allows users to specify only relevant candidate periods and workloads for each task. The discrete nature of this model also allows each task to modify its workload and/or its period when changing its mode of operation, instead of adapting in only one dimension of task utilization. Elastic tasks thus can exploit both period elasticity and computational elasticity. This greatly increases both the diversity of adaptations available to each task and the kinds of real-time tasks relevant to elastic scheduling. We use the real-world example of real-time hybrid simulation as a motivating application domain with discretely computationally-elastic, period-elastic, and combined-elastic parallel real-time tasks under the Federated Scheduling paradigm. We prove the scheduling of these tasks to be NP-hard, and provide a pseudo-polynomial time scheduling algorithm. We then use this scheduling algorithm to implement the first virtual real-time hybrid simulation experiment in which discrete elastic adaptation of platform resource utilizations enables adaptive switching between controllers with differing computational demands. We also study the effects of scheduling tasks with discretized vs. continuous candidate utilizations.",https://dl.acm.org/doi/10.1145/3394810.3394824
Elastic Scheduling for Harmonic Task Systems,"Marion Sudvarg, Ao Li, Daisy Wang, Sanjoy Baruah, Jeremy Buhler, Chris Gill, Ning Zhang, Pontus Ekberg",,2024-05-13,6,"접근: Harmonic period constraint — task period가 harmonic해야 하는 실제 응용(동기화 파이프라인)에서 elastic scheduling. total order on periods 가정 시 offline lookup table → online O(1) adaptation.가정: harmonic constraint, total order on periods, implicit deadlines.응용: FIMS(대기분광기), ORB-SLAM3(visual SLAM) — 10.4x localization 향상.",harmonic periods/lookup table/FIMS/ORB-SLAM3/SWaP-constrained/online adaptation,"Elastic scheduling is a framework to reduce task utilizations (often by increasing periods) in response to system overload. This paper extends elastic scheduling to uniprocessor scheduling of implicit-deadline task sets for which periods must remain harmonic. We argue that for tasks with periods constrained to continuous intervals, the problem of selecting harmonic periods from those intervals is unlikely to have a polynomial time solution. However, we outline an approach that is pseudo-polynomial in the range of acceptable periods. We then show that the problem of elastic scheduling is NP-hard with harmonic constraints. Nonetheless, if a total order is imposed on task periods (a natural restriction in many applications with execution pipelines that synchronize input data sources), the problem can be reduced offline to a lookup table, enabling polynomial-time online adaptation if available CPU bandwidth changes. We implement the proposed algorithm in two real-world applications: the Fast Integrated Mobility Spectrometer (FIMS) and ORB-SLAM3. We demonstrate that elastic scheduling allows FIMS to adjust its execution to avoid missing deadlines on a SWaP-constrained computational platform, and that it improves ORB-SLAM3's localization results by as much as lO.4x when available CPU bandwidth changes dynamically during runtime.",https://ieeexplore.ieee.org/document/10568035/
Dynamic Multiple-Period Reconfiguration of Real-Time Scheduling Based on Timed DES Supervisory Control,"Xi Wang, Zhou He, W.M. Wonham",IEEE Transactions on Industrial Informatics,2016-02-01,136,"접근: TDES Supervisory Control + Elastic Task Model — elastic period 범위 내 모든 안전한 reconfiguration path를 supervisory control theory(SCT)로 사전 계산, runtime에 user가 선택. 가정: 각 task에 T_min/T_max 존재, discrete event model, formal verification of safety.응용: 산업 자동화 reconfiguration.",supervisory control/TDES/formal verification/safe reconfiguration/industrial automation/all paths,"Based on the supervisory control theory (SCT) of timed discrete-event systems (TDES), this study presents a dynamic reconfiguration technique for real-time scheduling of real-time systems running on uni-processors. A new formalism is developed to assign periodic tasks with multiple-periods. By implementing SCT, a real-time system (RTS) is dynamically reconfigured when its initial safe execution sequence set is empty. During the reconfiguration process, based on the multiple-periods, the supervisor proposes different safe execution sequences. Two real-world examples illustrate that the presented approach provides an increased number of safe execution sequences as compared with the earliest-deadline-first (EDF) scheduling algorithm.",https://utoronto.scholaris.ca/bitstreams/ee4808c7-eb5f-4612-8cab-adefe01ed283/download
Improved Uniprocessor Scheduling of Systems of Sporadic Constrained-Deadline Elastic Tasks,Sanjoy Baruah,,2023-06-07,5,"접근: Processor-Demand Analysis 기반 — 기존 utilization-based test의 constrained-deadline 한계를 극복.PDA를 직접 사용하여 period를 결정, Chantem et al.알고리즘보다 우수.가정: constrained deadlines(D<T), EDF, sporadic tasks, integer periods(rounding up). 응용: CPS with time-varying computational demand.",processor-demand analysis/constrained deadline/EDF/CPS/sporadic/rounding,The elastic task model was proposed to allow for the accurate modeling of recurrent real-time workloads that are somewhat flexible with regards to the frequency at which they must be invoked. This is achieved by specifying a range of values for each recurrent task within which its period parameter must lie; a period must be selected for each task in a manner that ensures system schedulability. Most prior work on scheduling and schedulability-analysis of elastic task systems has been restricted to systems of implicit-deadline tasks; in this work we focus upon constrained-deadline task systems. We consider the problem of implementing such systems upon preemptive uniprocessors under the EDF run-time scheduling algorithm.,https://dl.acm.org/doi/10.1145/3575757.3575759